id,qname,heading,text,type,diagram,website,updated
,LegislationLegalForceCode,LegislationLegalForceCode,"A code identifying whether a law is in force, not in force, or partially in force.",Class,https://w3id.org/citydata/part2/v1/diagrams/LegislationLegalForceCode.dot.svg,https://w3id.org/citydata/part2/v1/LegislationLegalForceCode,2026-07-23T14:01:11.870298
,RoadLink,RoadLink,A Road Link is a type of Travelled Way Link that represents a length of Road.,Class,https://w3id.org/citydata/part2/v1/diagrams/RoadLink.dot.svg,https://w3id.org/citydata/part2/v1/RoadLink,2026-07-23T14:01:11.870298
,Gender,Gender,Gender is a type of Code that describes the gender identity of a person.,Class,https://w3id.org/citydata/part2/v1/diagrams/Gender.dot.svg,https://w3id.org/citydata/part2/v1/Gender,2026-07-23T14:01:11.870298
,PersonThing,PersonThing,"Added for organizational purposes, to identify classes defined in the Person ontology.",Class,https://w3id.org/citydata/part2/v1/diagrams/PersonThing.dot.svg,https://w3id.org/citydata/part2/v1/PersonThing,2026-07-23T14:01:11.870298
,Program,Program,"A program is a major city initiative to address the needs of constituents (citizens, clients). A Program defines a set of services that focus on achieving a shared set of Outcomes.",Class,https://w3id.org/citydata/part2/v1/diagrams/Program.dot.svg,https://w3id.org/citydata/part2/v1/Program,2026-07-23T14:01:11.870298
,MainBylaw,MainBylaw,A Main Bylaw is a legally enforceable rule that serves as the primary legislative document for a law within a Jurisdictional Area.,Class,https://w3id.org/citydata/part2/v1/diagrams/MainBylaw.dot.svg,https://w3id.org/citydata/part2/v1/MainBylaw,2026-07-23T14:01:11.870298
,Wage,Wage,A Wage is a form of compensation paid to an employee and is defined on an hourly basis.,Class,https://w3id.org/citydata/part2/v1/diagrams/Wage.dot.svg,https://w3id.org/citydata/part2/v1/Wage,2026-07-23T14:01:11.870298
,BusinessEstablishment,BusinessEstablishment,Business Establishment: A Business establishment is a physical location where an Organization conducts business.,Class,https://w3id.org/citydata/part2/v1/diagrams/BusinessEstablishment.dot.svg,https://w3id.org/citydata/part2/v1/BusinessEstablishment,2026-07-23T14:01:11.870298
,Output,Output,Output is a quantitative summary of an activity.,Class,https://w3id.org/citydata/part2/v1/diagrams/Output.dot.svg,https://w3id.org/citydata/part2/v1/Output,2026-07-23T14:01:11.870298
,PersonId,PersonId,Person ID is a type of City Thing that represents an identification document issued to a person by an authoritative body.,Class,https://w3id.org/citydata/part2/v1/diagrams/PersonId.dot.svg,https://w3id.org/citydata/part2/v1/PersonId,2026-07-23T14:01:11.870298
,LandUseThing,LandUseThing,"Added for organizational purposes, to identify classes defined in the Land Use ontology.",Class,https://w3id.org/citydata/part2/v1/diagrams/LandUseThing.dot.svg,https://w3id.org/citydata/part2/v1/LandUseThing,2026-07-23T14:01:11.870298
,Service,Service,A Program is composed of one or more Services.,Class,https://w3id.org/citydata/part2/v1/diagrams/Service.dot.svg,https://w3id.org/citydata/part2/v1/Service,2026-07-23T14:01:11.870298
,Country,Country,A Country is a specialization of a Jurisdictional Area that is formally identified as such.,Class,https://w3id.org/citydata/part2/v1/diagrams/Country.dot.svg,https://w3id.org/citydata/part2/v1/Country,2026-07-23T14:01:11.870298
,Citizenship,Citizenship,Citizenship is a type of City Thing that indicates the country of citizenship for a person during a specific period.,Class,https://w3id.org/citydata/part2/v1/diagrams/Citizenship.dot.svg,https://w3id.org/citydata/part2/v1/Citizenship,2026-07-23T14:01:11.870298
,CityResidentThing,CityResidentThing,"Added for organizational purposes, to identify classes defined in the City Resident ontology.",Class,https://w3id.org/citydata/part2/v1/diagrams/CityResidentThing.dot.svg,https://w3id.org/citydata/part2/v1/CityResidentThing,2026-07-23T14:01:11.870298
,PhoneNumber,PhoneNumber,A PhoneNumber defines the complete international phone number and type of number.,Class,https://w3id.org/citydata/part2/v1/diagrams/PhoneNumber.dot.svg,https://w3id.org/citydata/part2/v1/PhoneNumber,2026-07-23T14:01:11.870298
,Organization,Organization,An Organization defined broadly as a formal or semi-formal group for which structure and behaviour are defined.,Class,https://w3id.org/citydata/part2/v1/diagrams/Organization.dot.svg,https://w3id.org/citydata/part2/v1/Organization,2026-07-23T14:01:11.870298
,Tunnel,Tunnel,A Tunnel is a Infrastructure Element that enables travel through or underneath some obstacle or area. It may contain some Road or RailLine Segments.,Class,https://w3id.org/citydata/part2/v1/diagrams/Tunnel.dot.svg,https://w3id.org/citydata/part2/v1/Tunnel,2026-07-23T14:01:11.870298
,Warranty,Warranty,A Warranty is a contractual promise of some indemnification if an assertion made in the Contract is false.,Class,https://w3id.org/citydata/part2/v1/diagrams/Warranty.dot.svg,https://w3id.org/citydata/part2/v1/Warranty,2026-07-23T14:01:11.870298
,Alert,Alert,An Alert can be used to notify people of important information.,Class,https://w3id.org/citydata/part2/v1/diagrams/Alert.dot.svg,https://w3id.org/citydata/part2/v1/Alert,2026-07-23T14:01:11.870298
,NonBindingTerm,NonBindingTerm,A NonBindingTerm is a term in a contract that does not have legal force.,Class,https://w3id.org/citydata/part2/v1/diagrams/NonBindingTerm.dot.svg,https://w3id.org/citydata/part2/v1/NonBindingTerm,2026-07-23T14:01:11.870298
,CatchmentAreaType,CatchmentAreaType,Catchment Area Type is a type of Code that describes the type of catchment area that stakeholders represent,Class,https://w3id.org/citydata/part2/v1/diagrams/CatchmentAreaType.dot.svg,https://w3id.org/citydata/part2/v1/CatchmentAreaType,2026-07-23T14:01:11.870298
,PersonName,PersonName,,Class,https://w3id.org/citydata/part2/v1/diagrams/PersonName.dot.svg,https://w3id.org/citydata/part2/v1/PersonName,2026-07-23T14:01:11.870298
,CityResident,CityResident,A City Resident is a Person who satisfies the requirements of being a city resident for the particular City.,Class,https://w3id.org/citydata/part2/v1/diagrams/CityResident.dot.svg,https://w3id.org/citydata/part2/v1/CityResident,2026-07-23T14:01:11.870298
,LandUseClassification,LandUseClassification,Land Use Classification is a type of Code that describes the use of a Land Area.,Class,https://w3id.org/citydata/part2/v1/diagrams/LandUseClassification.dot.svg,https://w3id.org/citydata/part2/v1/LandUseClassification,2026-07-23T14:01:11.870298
,Law,Law,A Law is an legally enforceable rule.,Class,https://w3id.org/citydata/part2/v1/diagrams/Law.dot.svg,https://w3id.org/citydata/part2/v1/Law,2026-07-23T14:01:11.870298
,PhoneType,PhoneType,A PhoneType defines the type of phone number.,Class,https://w3id.org/citydata/part2/v1/diagrams/PhoneType.dot.svg,https://w3id.org/citydata/part2/v1/PhoneType,2026-07-23T14:01:11.870298
,Person,Person,A Person is an individual human being.,Class,https://w3id.org/citydata/part2/v1/diagrams/Person.dot.svg,https://w3id.org/citydata/part2/v1/Person,2026-07-23T14:01:11.870298
,BuildingThing,BuildingThing,"Added for organizational purposes, to identify classes defined in the Building ontology.",Class,https://w3id.org/citydata/part2/v1/diagrams/BuildingThing.dot.svg,https://w3id.org/citydata/part2/v1/BuildingThing,2026-07-23T14:01:11.870298
,Contract,Contract,A contract is a legally binding agreement between two or more parties.,Class,https://w3id.org/citydata/part2/v1/diagrams/Contract.dot.svg,https://w3id.org/citydata/part2/v1/Contract,2026-07-23T14:01:11.870298
,Education,Education,Education is a type of Code that describes the educational background of a person.,Class,https://w3id.org/citydata/part2/v1/diagrams/Education.dot.svg,https://w3id.org/citydata/part2/v1/Education,2026-07-23T14:01:11.870298
,CodeThing,CodeThing,"Added for organizational purposes, to identify classes defined in the Code ontology.",Class,https://w3id.org/citydata/part2/v1/diagrams/CodeThing.dot.svg,https://w3id.org/citydata/part2/v1/CodeThing,2026-07-23T14:01:11.870298
,AlertThing,AlertThing,"Added for organizational purposes, to identify classes defined for the Alert Pattern.",Class,https://w3id.org/citydata/part2/v1/diagrams/AlertThing.dot.svg,https://w3id.org/citydata/part2/v1/AlertThing,2026-07-23T14:01:11.870298
,ConstructionStatus,ConstructionStatus,Construction Status is a type of Code that describes the construction status of a Building or Infrastructure Element.,Class,https://w3id.org/citydata/part2/v1/diagrams/ConstructionStatus.dot.svg,https://w3id.org/citydata/part2/v1/ConstructionStatus,2026-07-23T14:01:11.870298
,ResidentialRelationship,ResidentialRelationship,A ResidentialRelationship defines the relationship of a Resident to a Residence.,Class,https://w3id.org/citydata/part2/v1/diagrams/ResidentialRelationship.dot.svg,https://w3id.org/citydata/part2/v1/ResidentialRelationship,2026-07-23T14:01:11.870298
,Definition,Definition,"A definition is a statement that explains the meaning of a term or concept as used within the domain object (e.g., a document).",Class,https://w3id.org/citydata/part2/v1/diagrams/Definition.dot.svg,https://w3id.org/citydata/part2/v1/Definition,2026-07-23T14:01:11.870298
,HomeType,HomeType,Home Type is a type of Code that describes the type of a Residence.,Class,https://w3id.org/citydata/part2/v1/diagrams/HomeType.dot.svg,https://w3id.org/citydata/part2/v1/HomeType,2026-07-23T14:01:11.870298
,ContractThing,ContractThing,"Added for organizational purposes, to identify classes defined in the Contract ontology.",Class,https://w3id.org/citydata/part2/v1/diagrams/ContractThing.dot.svg,https://w3id.org/citydata/part2/v1/ContractThing,2026-07-23T14:01:11.870298
,Role,Role,"A Role has a single, possibly complex, Goal.",Class,https://w3id.org/citydata/part2/v1/diagrams/Role.dot.svg,https://w3id.org/citydata/part2/v1/Role,2026-07-23T14:01:11.870298
,Bylaw,Bylaw,A bylaw is a law that is passed by a lower hierarchical entity that gains its authority from a government authority.,Class,https://w3id.org/citydata/part2/v1/diagrams/Bylaw.dot.svg,https://w3id.org/citydata/part2/v1/Bylaw,2026-07-23T14:01:11.870298
,ContractualDefinition,ContractualDefinition,A contractual definition is a definition of a term used within a contract.,Class,https://w3id.org/citydata/part2/v1/diagrams/ContractualDefinition.dot.svg,https://w3id.org/citydata/part2/v1/ContractualDefinition,2026-07-23T14:01:11.870298
,CityAdministrativeArea,CityAdministrativeArea,"Jurisdictional Area that has been identified for use by a City to reflect its unique areas such as districts, wards, neighbourhoods, or prefectures. ",Class,https://w3id.org/citydata/part2/v1/diagrams/CityAdministrativeArea.dot.svg,https://w3id.org/citydata/part2/v1/CityAdministrativeArea,2026-07-23T14:01:11.870298
,Importance,Importance,Importance is a type of Code that describes the level of importance of an event or action.,Class,https://w3id.org/citydata/part2/v1/diagrams/Importance.dot.svg,https://w3id.org/citydata/part2/v1/Importance,2026-07-23T14:01:11.870298
,ControlledEntity,ControlledEntity,A controlled entity is an entity that is subject to control by another entity.,Class,https://w3id.org/citydata/part2/v1/diagrams/ControlledEntity.dot.svg,https://w3id.org/citydata/part2/v1/ControlledEntity,2026-07-23T14:01:11.870298
,City,City,A City is a specialization of a Jurisdictional Area that is formally identified as such.,Class,https://w3id.org/citydata/part2/v1/diagrams/City.dot.svg,https://w3id.org/citydata/part2/v1/City,2026-07-23T14:01:11.870298
,AddressType,AddressType,"Address Type is a type of Code that describes the type of address, such as residential, business, or mailing.",Class,https://w3id.org/citydata/part2/v1/diagrams/AddressType.dot.svg,https://w3id.org/citydata/part2/v1/AddressType,2026-07-23T14:01:11.870298
,StreetDirection,StreetDirection,A StreetDirection defines the directional component of a street name.,Class,https://w3id.org/citydata/part2/v1/diagrams/StreetDirection.dot.svg,https://w3id.org/citydata/part2/v1/StreetDirection,2026-07-23T14:01:11.870298
,Facility,Facility,A facility is a physical location or structure that provides services or amenities to the public or a specific group of people.,Class,https://w3id.org/citydata/part2/v1/diagrams/Facility.dot.svg,https://w3id.org/citydata/part2/v1/Facility,2026-07-23T14:01:11.870298
,RailLine,RailLine,A Rail Line is a type of Travelled Way that describes a part of the physical transportation infrastructure that has been fitted with tracks to allow travel by trains and other sorts of rail vehicles. No distinction is made between Rail Line types at this level.,Class,https://w3id.org/citydata/part2/v1/diagrams/RailLine.dot.svg,https://w3id.org/citydata/part2/v1/RailLine,2026-07-23T14:01:11.870298
,EmploymentStatus,EmploymentStatus,Employment Status is a type of Code that describes the employment status of an Agent within an Organization.,Class,https://w3id.org/citydata/part2/v1/diagrams/EmploymentStatus.dot.svg,https://w3id.org/citydata/part2/v1/EmploymentStatus,2026-07-23T14:01:11.870298
,ContractualElement,ContractualElement,"A contractual element is an element that forms part of a contract, such as a definition, condition, or commitment.",Class,https://w3id.org/citydata/part2/v1/diagrams/ContractualElement.dot.svg,https://w3id.org/citydata/part2/v1/ContractualElement,2026-07-23T14:01:11.870298
,OrganizationAgent,OrganizationAgent,Member of an organization,Class,https://w3id.org/citydata/part2/v1/diagrams/OrganizationAgent.dot.svg,https://w3id.org/citydata/part2/v1/OrganizationAgent,2026-07-23T14:01:11.870298
,Name,Name,A Name represents a formal name given to an entity and is a superclass for all more descriptive name types.,Class,https://w3id.org/citydata/part2/v1/diagrams/Name.dot.svg,https://w3id.org/citydata/part2/v1/Name,2026-07-23T14:01:11.870298
,Skill,Skill,Skill is a type of Code that describes a specific ability or competency of a person.,Class,https://w3id.org/citydata/part2/v1/diagrams/Skill.dot.svg,https://w3id.org/citydata/part2/v1/Skill,2026-07-23T14:01:11.870298
,AmendingBylaw,AmendingBylaw,An Amending Bylaw is a type of Bylaw that modifies or updates an existing bylaw.,Class,https://w3id.org/citydata/part2/v1/diagrams/AmendingBylaw.dot.svg,https://w3id.org/citydata/part2/v1/AmendingBylaw,2026-07-23T14:01:11.870298
,Household,Household,A Household refers to a collection of persons occupying a shared place of residence. Households may or may not be comprised of family members.,Class,https://w3id.org/citydata/part2/v1/diagrams/Household.dot.svg,https://w3id.org/citydata/part2/v1/Household,2026-07-23T14:01:11.870298
,EntityOperation,EntityOperation,Activity of operating an Organization by City Resident.,Class,https://w3id.org/citydata/part2/v1/diagrams/EntityOperation.dot.svg,https://w3id.org/citydata/part2/v1/EntityOperation,2026-07-23T14:01:11.870298
,RailSegment,RailSegment,A Rail Segment is a type of Travelled Way Segment that represents part of a Rail Link.,Class,https://w3id.org/citydata/part2/v1/diagrams/RailSegment.dot.svg,https://w3id.org/citydata/part2/v1/RailSegment,2026-07-23T14:01:11.870298
,LandArea,LandArea,A Land Area is a defined geographic area of land.,Class,https://w3id.org/citydata/part2/v1/diagrams/LandArea.dot.svg,https://w3id.org/citydata/part2/v1/LandArea,2026-07-23T14:01:11.870298
,BuildingUse,BuildingUse,Building Use is a type of Code that describes the use or function of a Building,Class,https://w3id.org/citydata/part2/v1/diagrams/BuildingUse.dot.svg,https://w3id.org/citydata/part2/v1/BuildingUse,2026-07-23T14:01:11.870298
,Residence,Residence,,Class,https://w3id.org/citydata/part2/v1/diagrams/Residence.dot.svg,https://w3id.org/citydata/part2/v1/Residence,2026-07-23T14:01:11.870298
,Input,Input,Input defines the resources and the stakeholders that are needed for an Activity.,Class,https://w3id.org/citydata/part2/v1/diagrams/Input.dot.svg,https://w3id.org/citydata/part2/v1/Input,2026-07-23T14:01:11.870298
,CityThing,CityThing,"Added for organizational purposes, to identify classes defined for the city-level CDM ontology.",Class,https://w3id.org/citydata/part2/v1/diagrams/CityThing.dot.svg,https://w3id.org/citydata/part2/v1/CityThing,2026-07-23T14:01:11.870298
,Building,Building,"A Building is a type of Infrastructure Element that is a structure with a roof and walls, such as a house, school, or factory. The location of a Building may change due to construction, but the Parcel/Lot of land it is located on cannot (i.e., moving an entire building results in a change in object instance). ",Class,https://w3id.org/citydata/part2/v1/diagrams/Building.dot.svg,https://w3id.org/citydata/part2/v1/Building,2026-07-23T14:01:11.870298
,TransportInfrastructureThing,TransportInfrastructureThing,"Added for organizational purposes, to identify classes defined in the Transport Infrastructure Pattern ontology.",Class,https://w3id.org/citydata/part2/v1/diagrams/TransportInfrastructureThing.dot.svg,https://w3id.org/citydata/part2/v1/TransportInfrastructureThing,2026-07-23T14:01:11.870298
,Schedule,Schedule,"A Schedule is a component of a bylaw that outlines specific provisions, terms, or details related to the main content of the document.",Class,https://w3id.org/citydata/part2/v1/diagrams/Schedule.dot.svg,https://w3id.org/citydata/part2/v1/Schedule,2026-07-23T14:01:11.870298
,RevisionBylaw,RevisionBylaw,A RevisionBylaw is a bylaw that amends an existing bylaw.,Class,https://w3id.org/citydata/part2/v1/diagrams/RevisionBylaw.dot.svg,https://w3id.org/citydata/part2/v1/RevisionBylaw,2026-07-23T14:01:11.870298
,IDType,IDType,ID Type is a type of Code that describes the type of identification document issued to a person.,Class,https://w3id.org/citydata/part2/v1/diagrams/IDType.dot.svg,https://w3id.org/citydata/part2/v1/IDType,2026-07-23T14:01:11.870298
,BylawTypeCode,BylawTypeCode,"A code identifying whether a bylaw is a main, amending, or revision bylaw.",Class,https://w3id.org/citydata/part2/v1/diagrams/BylawTypeCode.dot.svg,https://w3id.org/citydata/part2/v1/BylawTypeCode,2026-07-23T14:01:11.870298
,TravelledWayLink,TravelledWayLink,A Travelled Way Link represents a continuous length of a Travelled Way and is a type of Infrastructure Element that connects two or more Travelled Way Segments.,Class,https://w3id.org/citydata/part2/v1/diagrams/TravelledWayLink.dot.svg,https://w3id.org/citydata/part2/v1/TravelledWayLink,2026-07-23T14:01:11.870298
,Clause,Clause,"A Clause is a statement of a rule, provision, requirement, etc. that is part of the body of the Law, or its schedules, penalties, etc.",Class,https://w3id.org/citydata/part2/v1/diagrams/Clause.dot.svg,https://w3id.org/citydata/part2/v1/Clause,2026-07-23T14:01:11.870298
,HouseholdThing,HouseholdThing,"Added for organizational purposes, to identify classes defined in the Household ontology.",Class,https://w3id.org/citydata/part2/v1/diagrams/HouseholdThing.dot.svg,https://w3id.org/citydata/part2/v1/HouseholdThing,2026-07-23T14:01:11.870298
,CityPatternThing,CityPatternThing,"Added for organizational purposes, to identify classes defined in the City Services part of the City Data Model.",Class,https://w3id.org/citydata/part2/v1/diagrams/CityPatternThing.dot.svg,https://w3id.org/citydata/part2/v1/CityPatternThing,2026-07-23T14:01:11.870298
,ForProfitOrganization,ForProfitOrganization,A for-profit organization is an organization that operates with the primary goal of generating profit for its owners or shareholders.,Class,https://w3id.org/citydata/part2/v1/diagrams/ForProfitOrganization.dot.svg,https://w3id.org/citydata/part2/v1/ForProfitOrganization,2026-07-23T14:01:11.870298
,StreetType,StreetType,A StreetType defines the type of street.,Class,https://w3id.org/citydata/part2/v1/diagrams/StreetType.dot.svg,https://w3id.org/citydata/part2/v1/StreetType,2026-07-23T14:01:11.870298
,Code,Code,"A code represents a possible set of values for a property, according to some predefined system of values.",Class,https://w3id.org/citydata/part2/v1/diagrams/Code.dot.svg,https://w3id.org/citydata/part2/v1/Code,2026-07-23T14:01:11.870298
,Representation,Representation,Part of the Contract that specifies some assertions that are taken to be true at the time of the contract and serve to influence a party's decision to enter into the Contract.,Class,https://w3id.org/citydata/part2/v1/diagrams/Representation.dot.svg,https://w3id.org/citydata/part2/v1/Representation,2026-07-23T14:01:11.870298
,BuildingUnit,BuildingUnit,A part of a Building which may be occupied by some Persons or Organization.,Class,https://w3id.org/citydata/part2/v1/diagrams/BuildingUnit.dot.svg,https://w3id.org/citydata/part2/v1/BuildingUnit,2026-07-23T14:01:11.870298
,RoadSegment,RoadSegment,A Road Segment is a type of Travelled Way Segment that represents part of a Road Link.,Class,https://w3id.org/citydata/part2/v1/diagrams/RoadSegment.dot.svg,https://w3id.org/citydata/part2/v1/RoadSegment,2026-07-23T14:01:11.870298
,Address,Address,"Address is the main concept for a contact.  It has been designed to represent any type of address in the world, including India and the UK.  For example, the property hasBuilding is important in many UK and Indian addresses to further identify the person or business location. Street information is divided into separate properties to fully identify direction (hasStreetDirection), Type (hasStreetType), etc.",Class,https://w3id.org/citydata/part2/v1/diagrams/Address.dot.svg,https://w3id.org/citydata/part2/v1/Address,2026-07-23T14:01:11.870298
,Bridge,Bridge,A Bridge is a Infrastructure Element that enables travel over some obstacle or area. It may contain some Road Segments or Rail Line Segments.,Class,https://w3id.org/citydata/part2/v1/diagrams/Bridge.dot.svg,https://w3id.org/citydata/part2/v1/Bridge,2026-07-23T14:01:11.870298
,ContractualCommitment,ContractualCommitment,A contractual commitment is a legally binding part of a contract that consists of a promise made by a party in relation to the contract.,Class,https://w3id.org/citydata/part2/v1/diagrams/ContractualCommitment.dot.svg,https://w3id.org/citydata/part2/v1/ContractualCommitment,2026-07-23T14:01:11.870298
,BylawThing,BylawThing,"Added for organizational purposes, to identify classes defined in the Bylaw ontology.",Class,https://w3id.org/citydata/part2/v1/diagrams/BylawThing.dot.svg,https://w3id.org/citydata/part2/v1/BylawThing,2026-07-23T14:01:11.870298
,Sex,Sex,Sex is a type of Code that describes the biological sex of a person.,Class,https://w3id.org/citydata/part2/v1/diagrams/Sex.dot.svg,https://w3id.org/citydata/part2/v1/Sex,2026-07-23T14:01:11.870298
,Year,Year,Represents a year in the Gregorian calendar.,Class,https://w3id.org/citydata/part2/v1/diagrams/Year.dot.svg,https://w3id.org/citydata/part2/v1/Year,2026-07-23T14:01:11.870298
,RailLink,RailLink,A Rail Link is a type of Travelled Way Link that represents a length of RailLine.,Class,https://w3id.org/citydata/part2/v1/diagrams/RailLink.dot.svg,https://w3id.org/citydata/part2/v1/RailLink,2026-07-23T14:01:11.870298
,Operation,Operation,An Operation defines the regular opening hours of an Organization or Infrastructure Element.,Class,https://w3id.org/citydata/part2/v1/diagrams/Operation.dot.svg,https://w3id.org/citydata/part2/v1/Operation,2026-07-23T14:01:11.870298
,AreaRatio,AreaRatio,,Class,https://w3id.org/citydata/part2/v1/diagrams/AreaRatio.dot.svg,https://w3id.org/citydata/part2/v1/AreaRatio,2026-07-23T14:01:11.870298
,Occupation,Occupation,Occupation describes the work performed by some Employee.,Class,https://w3id.org/citydata/part2/v1/diagrams/Occupation.dot.svg,https://w3id.org/citydata/part2/v1/Occupation,2026-07-23T14:01:11.870298
,InfrastructureThing,InfrastructureThing,"Added for organizational purposes, to identify classes defined in the Infrastructure pattern.",Class,https://w3id.org/citydata/part2/v1/diagrams/InfrastructureThing.dot.svg,https://w3id.org/citydata/part2/v1/InfrastructureThing,2026-07-23T14:01:11.870298
,Employment,Employment,Employment is a type of Organizational membership in which the Agent receives monetary compensation for the value that they provide to the Organization.,Class,https://w3id.org/citydata/part2/v1/diagrams/Employment.dot.svg,https://w3id.org/citydata/part2/v1/Employment,2026-07-23T14:01:11.870298
,ImpactDirection,ImpactDirection,Impact Direction is a type of Code that describes the direction of impact of an event or action.,Class,https://w3id.org/citydata/part2/v1/diagrams/ImpactDirection.dot.svg,https://w3id.org/citydata/part2/v1/ImpactDirection,2026-07-23T14:01:11.870298
,CityServiceThing,CityServiceThing,"Added for organizational purposes, to identify classes defined in the City Service ontology.",Class,https://w3id.org/citydata/part2/v1/diagrams/CityServiceThing.dot.svg,https://w3id.org/citydata/part2/v1/CityServiceThing,2026-07-23T14:01:11.870298
,NonProfitOrganization,NonProfitOrganization,A NonProfitOrganization is an non-governmental organization that operates for purposes other than generating profit.,Class,https://w3id.org/citydata/part2/v1/diagrams/NonProfitOrganization.dot.svg,https://w3id.org/citydata/part2/v1/NonProfitOrganization,2026-07-23T14:01:11.870298
,GovernmentOrganization,GovernmentOrganization,,Class,https://w3id.org/citydata/part2/v1/diagrams/GovernmentOrganization.dot.svg,https://w3id.org/citydata/part2/v1/GovernmentOrganization,2026-07-23T14:01:11.870298
,State,State,A State is a political subdivision of a country.,Class,https://w3id.org/citydata/part2/v1/diagrams/State.dot.svg,https://w3id.org/citydata/part2/v1/State,2026-07-23T14:01:11.870298
,CityOrgThing,CityOrgThing,"Added for organizational purposes, to identify classes defined in the City Organization ontology.",Class,https://w3id.org/citydata/part2/v1/diagrams/CityOrgThing.dot.svg,https://w3id.org/citydata/part2/v1/CityOrgThing,2026-07-23T14:01:11.870298
,EntityOwnership,EntityOwnership,"Activity of owning a Building, Land Area, or Organization by City Resident.",Class,https://w3id.org/citydata/part2/v1/diagrams/EntityOwnership.dot.svg,https://w3id.org/citydata/part2/v1/EntityOwnership,2026-07-23T14:01:11.870298
,IndustryType,IndustryType,Industry Type is a type of Code that describes the industry sector of a business establishment.,Class,https://w3id.org/citydata/part2/v1/diagrams/IndustryType.dot.svg,https://w3id.org/citydata/part2/v1/IndustryType,2026-07-23T14:01:11.870298
,Stakeholder,Stakeholder,A Stakeholder is an Organization or Person that has an interest in a Program or Service.,Class,https://w3id.org/citydata/part2/v1/diagrams/Stakeholder.dot.svg,https://w3id.org/citydata/part2/v1/Stakeholder,2026-07-23T14:01:11.870298
,ConditionPrecedent,ConditionPrecedent,A condition precedent is a condition that must be met before a contract becomes effective.,Class,https://w3id.org/citydata/part2/v1/diagrams/ConditionPrecedent.dot.svg,https://w3id.org/citydata/part2/v1/ConditionPrecedent,2026-07-23T14:01:11.870298
,RoadNetworkType,RoadNetworkType,,Class,https://w3id.org/citydata/part2/v1/diagrams/RoadNetworkType.dot.svg,https://w3id.org/citydata/part2/v1/RoadNetworkType,2026-07-23T14:01:11.870298
,Goal,Goal,"A goal represents some state or complex states, and allows for the representation of various groups' responsibilities.",Class,https://w3id.org/citydata/part2/v1/diagrams/Goal.dot.svg,https://w3id.org/citydata/part2/v1/Goal,2026-07-23T14:01:11.870298
,Salary,Salary,A Salary is a form of compensation paid to an employee and is defined on an annual basis.,Class,https://w3id.org/citydata/part2/v1/diagrams/Salary.dot.svg,https://w3id.org/citydata/part2/v1/Salary,2026-07-23T14:01:11.870298
,ContactThing,ContactThing,"Added for organizational purposes, to identify classes defined in the Contact ontology.",Class,https://w3id.org/citydata/part2/v1/diagrams/ContactThing.dot.svg,https://w3id.org/citydata/part2/v1/ContactThing,2026-07-23T14:01:11.870298
,BridgeSegment,BridgeSegment,,Class,https://w3id.org/citydata/part2/v1/diagrams/BridgeSegment.dot.svg,https://w3id.org/citydata/part2/v1/BridgeSegment,2026-07-23T14:01:11.870298
,TravelledWaySegment,TravelledWaySegment,A Travelled Way Segment is a type of Infrastructure Element that represents part of a Travelled Way Link.,Class,https://w3id.org/citydata/part2/v1/diagrams/TravelledWaySegment.dot.svg,https://w3id.org/citydata/part2/v1/TravelledWaySegment,2026-07-23T14:01:11.870298
,TravelledWay,TravelledWay,A Travelled Way is a type of Infrastructure Element that enables travel.,Class,https://w3id.org/citydata/part2/v1/diagrams/TravelledWay.dot.svg,https://w3id.org/citydata/part2/v1/TravelledWay,2026-07-23T14:01:11.870298
,JurisdictionalArea,JurisdictionalArea,"A Jurisdictional Area is an abstract entity that is characterized not only by its location, but by the objects that occupy it (persons, buildings, etc), the governing body(s) it is subject to, and the activities that occur within it.",Class,https://w3id.org/citydata/part2/v1/diagrams/JurisdictionalArea.dot.svg,https://w3id.org/citydata/part2/v1/JurisdictionalArea,2026-07-23T14:01:11.870298
,TunnelSegment,TunnelSegment,A Tunnel Segment is a type of Infrastructure Element that represents part of a Tunnel.,Class,https://w3id.org/citydata/part2/v1/diagrams/TunnelSegment.dot.svg,https://w3id.org/citydata/part2/v1/TunnelSegment,2026-07-23T14:01:11.870298
,Compensation,Compensation,A compensation is a generalization of monetary compensation received for employment.,Class,https://w3id.org/citydata/part2/v1/diagrams/Compensation.dot.svg,https://w3id.org/citydata/part2/v1/Compensation,2026-07-23T14:01:11.870298
,InfrastructureElement,InfrastructureElement,An Infrastructure Element is a generic representation of a city structure of interest.,Class,https://w3id.org/citydata/part2/v1/diagrams/InfrastructureElement.dot.svg,https://w3id.org/citydata/part2/v1/InfrastructureElement,2026-07-23T14:01:11.870298
,Road,Road,"A Road is a type of Travelled Way that describes a part of the physical transport infrastructure that has been improved to allow travel by motor vehicles, persons, bicycles, or similar methods of conveyance. road vehicles. No distinction is made between Road types at this level.",Class,https://w3id.org/citydata/part2/v1/diagrams/Road.dot.svg,https://w3id.org/citydata/part2/v1/Road,2026-07-23T14:01:11.870298
,Outcome,Outcome,Outcomes are what stakeholders experience as a result of a Program or Service.,Class,https://w3id.org/citydata/part2/v1/diagrams/Outcome.dot.svg,https://w3id.org/citydata/part2/v1/Outcome,2026-07-23T14:01:11.870298
,CityOrgObjectProperty,CityOrgObjectProperty,"Added for organizational purposes, to identify object properties defined for the City Organization Pattern in the City-level CDM ontology.",ObjectProperty,,https://w3id.org/citydata/part2/v1/CityOrgObjectProperty,2026-07-23T14:01:11.870298
,annualPay,annualPay,Identifies the compensation to be paid for a year.,ObjectProperty,,https://w3id.org/citydata/part2/v1/annualPay,2026-07-23T14:01:11.870298
,employedAs,employedAs,Identifies the occupation in which the agent is employed.,ObjectProperty,,https://w3id.org/citydata/part2/v1/employedAs,2026-07-23T14:01:11.870298
,employedBy,employedBy,Identifies the Organization that employs the agent.,ObjectProperty,,https://w3id.org/citydata/part2/v1/employedBy,2026-07-23T14:01:11.870298
,hasCompensation,hasCompensation,identifies the monetary compensation received by the agent.,ObjectProperty,,https://w3id.org/citydata/part2/v1/hasCompensation,2026-07-23T14:01:11.870298
,hasEmployment,hasEmployment,Specifies the details of an agent’s Employment.,ObjectProperty,,https://w3id.org/citydata/part2/v1/hasEmployment,2026-07-23T14:01:11.870298
,hasEmploymentStatus,hasEmploymentStatus,identifies the Employment Status of the employee.,ObjectProperty,,https://w3id.org/citydata/part2/v1/hasEmploymentStatus,2026-07-23T14:01:11.870298
,hasEstablishment,hasEstablishment,Specifies a Business Establishment where the organization conducts business.,ObjectProperty,,https://w3id.org/citydata/part2/v1/hasEstablishment,2026-07-23T14:01:11.870298
,hasGoal,hasGoal,identifies the Goal(s) of the domain object. ,ObjectProperty,,https://w3id.org/citydata/part2/v1/hasGoal,2026-07-23T14:01:11.870298
,hasGovernment,hasGovernment,Identifies the GovernmentOrganization that manages the JurisdictionalArea.,ObjectProperty,,https://w3id.org/citydata/part2/v1/hasGovernment,2026-07-23T14:01:11.870298
,hasIndustryType,hasIndustryType,Specifies an Industry Type assigned to the organization based on the kind of business conducted.,ObjectProperty,,https://w3id.org/citydata/part2/v1/hasIndustryType,2026-07-23T14:01:11.870298
,hasPay,hasPay,Identifies the MonetaryValue of the Compensation.,ObjectProperty,,https://w3id.org/citydata/part2/v1/hasPay,2026-07-23T14:01:11.870298
,hasProcess,hasProcess,Specifies an Activity that is performed as part of the Role.,ObjectProperty,,https://w3id.org/citydata/part2/v1/hasProcess,2026-07-23T14:01:11.870298
,hasProgram,hasProgram,Specifies a Program defined for the Organization.,ObjectProperty,,https://w3id.org/citydata/part2/v1/hasProgram,2026-07-23T14:01:11.870298
,hasResource,hasResource,Specifies a resource:Resource that is (expected to be) allocated for the Role.,ObjectProperty,,https://w3id.org/citydata/part2/v1/hasResource,2026-07-23T14:01:11.870298
,hourlyPay,hourlyPay,Identifies the Compensation to be paid per hour.,ObjectProperty,,https://w3id.org/citydata/part2/v1/hourlyPay,2026-07-23T14:01:11.870298
,jurisdiction,jurisdiction,Specifies the JurisdictionalArea for which the organization is responsible.,ObjectProperty,,https://w3id.org/citydata/part2/v1/jurisdiction,2026-07-23T14:01:11.870298
,operatingHours,operatingHours,Identifies the OperatingHours of the Organization.,ObjectProperty,,https://w3id.org/citydata/part2/v1/operatingHours,2026-07-23T14:01:11.870298
,orgAddress,orgAddress,A specialization to hasAddress that specifies the Address associated with the Organization.,ObjectProperty,,https://w3id.org/citydata/part2/v1/orgAddress,2026-07-23T14:01:11.870298
,overtimePay,overtimePay,Identifies an additional rate of pay as a MonetaryValue to be paid per hour in the case of overtime compensation.,ObjectProperty,,https://w3id.org/citydata/part2/v1/overtimePay,2026-07-23T14:01:11.870298
,playsRole,playsRole,Specifies a Role that the domain object fulfils.,ObjectProperty,,https://w3id.org/citydata/part2/v1/playsRole,2026-07-23T14:01:11.870298
,PersonObjectProperty,PersonObjectProperty,"Added for organizational purposes, to identify object properties defined for the Person Pattern in the City-level CDM ontology.",ObjectProperty,,https://w3id.org/citydata/part2/v1/PersonObjectProperty,2026-07-23T14:01:11.870298
,alias,alias,Identifies any alternative names associated with a Person. ,ObjectProperty,,https://w3id.org/citydata/part2/v1/alias,2026-07-23T14:01:11.870298
,birthDate,birthDate,Identifies the time:Instant when the Person was born.,ObjectProperty,,https://w3id.org/citydata/part2/v1/birthDate,2026-07-23T14:01:11.870298
,birthplace,birthplace,Identifies the place where the Person was born.,ObjectProperty,,https://w3id.org/citydata/part2/v1/birthplace,2026-07-23T14:01:11.870298
,children,children,Identifies any children of a person.,ObjectProperty,,https://w3id.org/citydata/part2/v1/children,2026-07-23T14:01:11.870298
,citizenOf,citizenOf,"specifies one or more Citizenships, each specifying the country (Country) and time interval (time:ProperInterval) the Person is a citizen. A Person can be a citizen of more than one country and for different time intervals. It is recommended that a Country be defined with using ISO 3166-2 [4] alpha-2 (2-letter) country code, however different systems may be accommodated with the Code pattern.",ObjectProperty,,https://w3id.org/citydata/part2/v1/citizenOf,2026-07-23T14:01:11.870298
,deathDate,deathDate,Identifies the time:Instant when the Person died.,ObjectProperty,,https://w3id.org/citydata/part2/v1/deathDate,2026-07-23T14:01:11.870298
,deathPlace,deathPlace,Identifies the place where the Person died.,ObjectProperty,,https://w3id.org/citydata/part2/v1/deathPlace,2026-07-23T14:01:11.870298
,forCountry,forCountry,Identifies the country for which the Person is a citizen for the given dates.,ObjectProperty,,https://w3id.org/citydata/part2/v1/forCountry,2026-07-23T14:01:11.870298
,hasEducation,hasEducation,Identifies the education of a person.,ObjectProperty,,https://w3id.org/citydata/part2/v1/hasEducation,2026-07-23T14:01:11.870298
,hasGenderIdentity,hasGenderIdentity,Identifies the gender identity of a person.,ObjectProperty,,https://w3id.org/citydata/part2/v1/hasGenderIdentity,2026-07-23T14:01:11.870298
,hasIDType,hasIDType,"Specifies the type of identifier, its values may be defined more precisely with the use of the code:hasCode property.",ObjectProperty,,https://w3id.org/citydata/part2/v1/hasIDType,2026-07-23T14:01:11.870298
,hasPersonID,hasPersonID,Identifies any instances of a Person’s PersonId.,ObjectProperty,,https://w3id.org/citydata/part2/v1/hasPersonID,2026-07-23T14:01:11.870298
,hasQualification,hasQualification,,ObjectProperty,,https://w3id.org/citydata/part2/v1/hasQualification,2026-07-23T14:01:11.870298
,hasSkill,hasSkill,Identifies the skills of a person.,ObjectProperty,,https://w3id.org/citydata/part2/v1/hasSkill,2026-07-23T14:01:11.870298
,income,income,Identifies the annual income of a person.,ObjectProperty,,https://w3id.org/citydata/part2/v1/income,2026-07-23T14:01:11.870298
,issuedBy,issuedBy,"Identifies the Agent that issued the ID, document, or certificate.",ObjectProperty,,https://w3id.org/citydata/part2/v1/issuedBy,2026-07-23T14:01:11.870298
,name,name,"Identifies the instance of Name legally associated with an Object (e.g., Person).",ObjectProperty,,https://w3id.org/citydata/part2/v1/name,2026-07-23T14:01:11.870298
,parent,parent,Identifies any parents of the Person.,ObjectProperty,,https://w3id.org/citydata/part2/v1/parent,2026-07-23T14:01:11.870298
,sex,sex,Identifies a Person's sex assigned at birth.,ObjectProperty,,https://w3id.org/citydata/part2/v1/sex,2026-07-23T14:01:11.870298
,spouse,spouse,Identifies any spouses of the person.,ObjectProperty,,https://w3id.org/citydata/part2/v1/spouse,2026-07-23T14:01:11.870298
,validityPeriod,validityPeriod,Identifies the time interval during which the identifier is valid.,ObjectProperty,,https://w3id.org/citydata/part2/v1/validityPeriod,2026-07-23T14:01:11.870298
,CityObjectProperty,CityObjectProperty,"Added for organizational purposes, to identify object properties defined for city-level CDM ontology.",ObjectProperty,,https://w3id.org/citydata/part2/v1/CityObjectProperty,2026-07-23T14:01:11.870298
,CodeObjectProperty,CodeObjectProperty,"Added for organizational purposes, to identify object properties defined for the Code Pattern in the City-level CDM ontology.",ObjectProperty,,https://w3id.org/citydata/part2/v1/CodeObjectProperty,2026-07-23T14:01:11.870298
,definedBy,definedBy,Identifies the Organization that defined the Code.,ObjectProperty,,https://w3id.org/citydata/part2/v1/definedBy,2026-07-23T14:01:11.870298
,hasCode,hasCode,Identifies the code for the domain object.,ObjectProperty,,https://w3id.org/citydata/part2/v1/hasCode,2026-07-23T14:01:11.870298
,LandUseObjectProperty,LandUseObjectProperty,"Added for organizational purposes, to identify object properties defined in the Land Use ontology.",ObjectProperty,,https://w3id.org/citydata/part2/v1/LandUseObjectProperty,2026-07-23T14:01:11.870298
,hasArea,hasArea,identifies the size of a Land Area,ObjectProperty,,https://w3id.org/citydata/part2/v1/hasArea,2026-07-23T14:01:11.870298
,hasLandArea,hasLandArea,Identifies the spatial area occupied by the object.,ObjectProperty,,https://w3id.org/citydata/part2/v1/hasLandArea,2026-07-23T14:01:11.870298
,hasPopulation,hasPopulation,Specifies the number of people living in the LandArea.,ObjectProperty,,https://w3id.org/citydata/part2/v1/hasPopulation,2026-07-23T14:01:11.870298
,landUse,landUse,Identifies a Land Use Classification that is identified for the Land Area.,ObjectProperty,,https://w3id.org/citydata/part2/v1/landUse,2026-07-23T14:01:11.870298
,TransportInfrastructureObjectProperty,TransportInfrastructureObjectProperty,"Added for organizational purposes, to identify object properties defined for the Transport Infrastructure Pattern in the City-level CDM ontology.",ObjectProperty,,https://w3id.org/citydata/part2/v1/TransportInfrastructureObjectProperty,2026-07-23T14:01:11.870298
,networkType,networkType,Identifies the type of network.,ObjectProperty,,https://w3id.org/citydata/part2/v1/networkType,2026-07-23T14:01:11.870298
,supports,supports,Identifies the infrastructure element that is supported (carried in or carried through) the current (domain) object.,ObjectProperty,,https://w3id.org/citydata/part2/v1/supports,2026-07-23T14:01:11.870298
,CityPatternObjectProperty,CityPatternObjectProperty,"Added for organizational purposes, to identify object properties defined in the City-level CDM ontology.",ObjectProperty,,https://w3id.org/citydata/part2/v1/CityPatternObjectProperty,2026-07-23T14:01:11.870298
,administrativeArea,administrativeArea,Identifies administrative areas within the JurisdictionalArea.,ObjectProperty,,https://w3id.org/citydata/part2/v1/administrativeArea,2026-07-23T14:01:11.870298
,administrativeAreaOf,administrativeAreaOf,Identifies the jurisdictional area that an administrative area belongs to.,ObjectProperty,,https://w3id.org/citydata/part2/v1/administrativeAreaOf,2026-07-23T14:01:11.870298
,residentPopulation,residentPopulation,Number of residents of the area.,ObjectProperty,,https://w3id.org/citydata/part2/v1/residentPopulation,2026-07-23T14:01:11.870298
,BuildingObjectProperty,BuildingObjectProperty,"Added for organizational purposes, to identify object properties defined for the Building Pattern in the City-level CDM ontology.",ObjectProperty,,https://w3id.org/citydata/part2/v1/BuildingObjectProperty,2026-07-23T14:01:11.870298
,buildingFacility,buildingFacility,Identifies a Facility that is contained in the Building.,ObjectProperty,,https://w3id.org/citydata/part2/v1/buildingFacility,2026-07-23T14:01:11.870298
,floorAreaRatio,floorAreaRatio,Identifies the building's floor area ratio. This is a ratio of the gross floor area (the value of hasBuildingFloorArea) to its “buildable area” (i.e. lot size).,ObjectProperty,,https://w3id.org/citydata/part2/v1/floorAreaRatio,2026-07-23T14:01:11.870298
,floorToCeilingHeight,floorToCeilingHeight,Identifies the floor to ceiling height in the Building Unit.,ObjectProperty,,https://w3id.org/citydata/part2/v1/floorToCeilingHeight,2026-07-23T14:01:11.870298
,hasBuildingFloorArea,hasBuildingFloorArea,"identifies the floor area occupied by the Building. The floor area accounts for the area of each floor of the building. However, floor area excludes unoccupied areas such as basements.",ObjectProperty,,https://w3id.org/citydata/part2/v1/hasBuildingFloorArea,2026-07-23T14:01:11.870298
,hasBuildingFootprintArea,hasBuildingFootprintArea,Identifies the footprint occupied by the Building.,ObjectProperty,,https://w3id.org/citydata/part2/v1/hasBuildingFootprintArea,2026-07-23T14:01:11.870298
,hasBuildingHeight,hasBuildingHeight,Identifies the Building’s height.,ObjectProperty,,https://w3id.org/citydata/part2/v1/hasBuildingHeight,2026-07-23T14:01:11.870298
,hasBuildingUnit,hasBuildingUnit,"Identifies the Building Unit(s), if any, that are contained by the Building.",ObjectProperty,,https://w3id.org/citydata/part2/v1/hasBuildingUnit,2026-07-23T14:01:11.870298
,hasConstructionStatus,hasConstructionStatus,identifies the Construction Status of a Building.,ObjectProperty,,https://w3id.org/citydata/part2/v1/hasConstructionStatus,2026-07-23T14:01:11.870298
,hasRent,hasRent,Identifies the rental fee for the Building Unit.,ObjectProperty,,https://w3id.org/citydata/part2/v1/hasRent,2026-07-23T14:01:11.870298
,hasUnitSize,hasUnitSize,Identifies the size of the Building Unit as an Area.,ObjectProperty,,https://w3id.org/citydata/part2/v1/hasUnitSize,2026-07-23T14:01:11.870298
,unitInBuilding,unitInBuilding,Identifies the Building that the Building Unit belongs to (is contained in).,ObjectProperty,,https://w3id.org/citydata/part2/v1/unitInBuilding,2026-07-23T14:01:11.870298
,use,use,"Identifies the use of the Building, typically associated with some classification system.",ObjectProperty,,https://w3id.org/citydata/part2/v1/use,2026-07-23T14:01:11.870298
,windowToWallRatio,windowToWallRatio,"Identifies the percentage area of a building’s exterior envelope that is made up of glazing (i.e., glass installed in fixed openings such as windows and doors).",ObjectProperty,,https://w3id.org/citydata/part2/v1/windowToWallRatio,2026-07-23T14:01:11.870298
,yearOfConstruction,yearOfConstruction,Identifies the year that construction on the Building was completed.,ObjectProperty,,https://w3id.org/citydata/part2/v1/yearOfConstruction,2026-07-23T14:01:11.870298
,ContractObjectProperty,ContractObjectProperty,"Added for organizational purposes, to identify object properties defined for the Contract Pattern in the City-level CDM ontology.",ObjectProperty,,https://w3id.org/citydata/part2/v1/ContractObjectProperty,2026-07-23T14:01:11.870298
,hasContract,hasContract,Identifies the Contract associated with the domain object.,ObjectProperty,,https://w3id.org/citydata/part2/v1/hasContract,2026-07-23T14:01:11.870298
,hasContractualElement,hasContractualElement,Identifies the decomposition of a Contract into more precise parts.,ObjectProperty,,https://w3id.org/citydata/part2/v1/hasContractualElement,2026-07-23T14:01:11.870298
,contractualElementOf,contractualElementOf,Identifies the Contract of which this Contractual Element is a part.,ObjectProperty,,https://w3id.org/citydata/part2/v1/contractualElementOf,2026-07-23T14:01:11.870298
,hasParty,hasParty,Identifies all Persons or Organizations involved in the Contract.,ObjectProperty,,https://w3id.org/citydata/part2/v1/hasParty,2026-07-23T14:01:11.870298
,hasSignatory,hasSignatory,identifies the Person(s) responsible for signing the Contract.,ObjectProperty,,https://w3id.org/citydata/part2/v1/hasSignatory,2026-07-23T14:01:11.870298
,isExecutedOn,isExecutedOn,"identifies the Interval or Instant in time at which the terms in the Contract are executed, if applicable.",ObjectProperty,,https://w3id.org/citydata/part2/v1/isExecutedOn,2026-07-23T14:01:11.870298
,isValidFor,isValidFor,Identifies the Interval in time over which the domain object is valid.,ObjectProperty,,https://w3id.org/citydata/part2/v1/isValidFor,2026-07-23T14:01:11.870298
,specifiesAgreement,specifiesAgreement,Identifies an agreement that is specified by the domain object.,ObjectProperty,,https://w3id.org/citydata/part2/v1/specifiesAgreement,2026-07-23T14:01:11.870298
,CityServiceObjectProperty,CityServiceObjectProperty,"Added for organizational purposes, to identify object properties defined for the City Service Pattern in the City-level CDM ontology.",ObjectProperty,,https://w3id.org/citydata/part2/v1/CityServiceObjectProperty,2026-07-23T14:01:11.870298
,fromPerspectiveOf,fromPerspectiveOf,Identifies the Stakeholder who is determining the importance of the Impact.,ObjectProperty,,https://w3id.org/citydata/part2/v1/fromPerspectiveOf,2026-07-23T14:01:11.870298
,hasBeneficialStakeholder,hasBeneficialStakeholder,Identifies the Stakeholder who is benefiting from the object.,ObjectProperty,,https://w3id.org/citydata/part2/v1/hasBeneficialStakeholder,2026-07-23T14:01:11.870298
,hasCatchmentArea,hasCatchmentArea,Identifies the regional span of the stakeholders.,ObjectProperty,,https://w3id.org/citydata/part2/v1/hasCatchmentArea,2026-07-23T14:01:11.870298
,hasCatchmentAreaType,hasCatchmentAreaType,Identifies the type of regional span of the stakeholders.,ObjectProperty,,https://w3id.org/citydata/part2/v1/hasCatchmentAreaType,2026-07-23T14:01:11.870298
,hasContributingStakeholder,hasContributingStakeholder,Identifies the stakeholders that contribute to the domain object.,ObjectProperty,,https://w3id.org/citydata/part2/v1/hasContributingStakeholder,2026-07-23T14:01:11.870298
,hasImportance,hasImportance,Specifies how important the Outcome is.,ObjectProperty,,https://w3id.org/citydata/part2/v1/hasImportance,2026-07-23T14:01:11.870298
,hasIndicator,hasIndicator,identifies an Indicator used to measure to the Outcome.,ObjectProperty,,https://w3id.org/citydata/part2/v1/hasIndicator,2026-07-23T14:01:11.870298
,hasInput,hasInput,Identifies an input used in the domain object.,ObjectProperty,,https://w3id.org/citydata/part2/v1/hasInput,2026-07-23T14:01:11.870298
,hasOutcome,hasOutcome,Identifies the Outcomes or expected Outcomes of the domain object.,ObjectProperty,,https://w3id.org/citydata/part2/v1/hasOutcome,2026-07-23T14:01:11.870298
,hasOutput,hasOutput,Identifies an output produced by the domain object.,ObjectProperty,,https://w3id.org/citydata/part2/v1/hasOutput,2026-07-23T14:01:11.870298
,hasService,hasService,Identifies the Services that make up the domain object.,ObjectProperty,,https://w3id.org/citydata/part2/v1/hasService,2026-07-23T14:01:11.870298
,intendedImpact,intendedImpact,identifies the intended impact.,ObjectProperty,,https://w3id.org/citydata/part2/v1/intendedImpact,2026-07-23T14:01:11.870298
,performs,performs,Identifies activities performed by the domain object.,ObjectProperty,,https://w3id.org/citydata/part2/v1/performs,2026-07-23T14:01:11.870298
,usedByIndicator,usedByIndicator,Identifies the Indicators that use this Output in determining the value of the Indicator.,ObjectProperty,,https://w3id.org/citydata/part2/v1/usedByIndicator,2026-07-23T14:01:11.870298
,AlertObjectProperty,AlertObjectProperty,"Added for organizational purposes, to identify all object properties defined in the Alert Pattern.",ObjectProperty,,https://w3id.org/citydata/part2/v1/AlertObjectProperty,2026-07-23T14:01:11.870298
,activities,activities,activities that caused the described object,ObjectProperty,,https://w3id.org/citydata/part2/v1/activities,2026-07-23T14:01:11.870298
,beginInstant,beginInstant,"The time that the described object began or is expected to begin. If not specified, the object is assumed to begin at the creation time.",ObjectProperty,,https://w3id.org/citydata/part2/v1/beginInstant,2026-07-23T14:01:11.870298
,category,category,A code indicating the category of the described object.,ObjectProperty,,https://w3id.org/citydata/part2/v1/category,2026-07-23T14:01:11.870298
,cause,cause,"A code indicating the cause (e.g., construction, collision, weather) of the described object.",ObjectProperty,,https://w3id.org/citydata/part2/v1/cause,2026-07-23T14:01:11.870298
,certainty,certainty,The likelihood of the condition occurring.,ObjectProperty,,https://w3id.org/citydata/part2/v1/certainty,2026-07-23T14:01:11.870298
,creationInstant,creationInstant,The time that the described object was created.,ObjectProperty,,https://w3id.org/citydata/part2/v1/creationInstant,2026-07-23T14:01:11.870298
,distribution,distribution,A code indicating the groups who are authorized to receive the object.,ObjectProperty,,https://w3id.org/citydata/part2/v1/distribution,2026-07-23T14:01:11.870298
,effect,effect,"A code indicating the effect of the alert (e.g., congestion, delays).",ObjectProperty,,https://w3id.org/citydata/part2/v1/effect,2026-07-23T14:01:11.870298
,endInstant,endInstant,"The time that the described object is expected to end; if no end time is specified, it is assumed to be indeterminate.",ObjectProperty,,https://w3id.org/citydata/part2/v1/endInstant,2026-07-23T14:01:11.870298
,expiryInstant,expiryInstant,The time at which the information for the described object is considered no longer valid unless this value is updated.,ObjectProperty,,https://w3id.org/citydata/part2/v1/expiryInstant,2026-07-23T14:01:11.870298
,issuer,issuer,Entity that issued the alert,ObjectProperty,,https://w3id.org/citydata/part2/v1/issuer,2026-07-23T14:01:11.870298
,lastUpdateInstant,lastUpdateInstant,The time at which the alert was last updated.,ObjectProperty,,https://w3id.org/citydata/part2/v1/lastUpdateInstant,2026-07-23T14:01:11.870298
,location,location,A geographic area associated with the alert.,ObjectProperty,,https://w3id.org/citydata/part2/v1/location,2026-07-23T14:01:11.870298
,recommendation,recommendation,"A code providing advice on actions to take (e.g., evacuate, shelter in-place).",ObjectProperty,,https://w3id.org/citydata/part2/v1/recommendation,2026-07-23T14:01:11.870298
,referencedAlert,referencedAlert,Other alerts associated with this alert.,ObjectProperty,,https://w3id.org/citydata/part2/v1/referencedAlert,2026-07-23T14:01:11.870298
,resources,resources,additional files that provide additional information,ObjectProperty,,https://w3id.org/citydata/part2/v1/resources,2026-07-23T14:01:11.870298
,severity,severity,"A code indicating the expected severity of the condition (e.g., life threatening, injury potential).",ObjectProperty,,https://w3id.org/citydata/part2/v1/severity,2026-07-23T14:01:11.870298
,status,status,The operational status.,ObjectProperty,,https://w3id.org/citydata/part2/v1/status,2026-07-23T14:01:11.870298
,urgency,urgency,The urgency associated with distributing the alert.,ObjectProperty,,https://w3id.org/citydata/part2/v1/urgency,2026-07-23T14:01:11.870298
,AddressProperty,AddressProperty,"Added for organizational purposes, to identify properties related to an address.",ObjectProperty,,https://w3id.org/citydata/part2/v1/AddressProperty,2026-07-23T14:01:11.870298
,ContactObjectProperty,ContactObjectProperty,"Added for organizational purposes, to identify object properties defined for the Contact Pattern in the City-level CDM ontology.",ObjectProperty,,https://w3id.org/citydata/part2/v1/ContactObjectProperty,2026-07-23T14:01:11.870298
,hasAddress,hasAddress,Specifies the address of the object.,ObjectProperty,,https://w3id.org/citydata/part2/v1/hasAddress,2026-07-23T14:01:11.870298
,hasAddressType,hasAddressType,specifies the type of address.,ObjectProperty,,https://w3id.org/citydata/part2/v1/hasAddressType,2026-07-23T14:01:11.870298
,hasCity,hasCity,Specifies the name of the city for the address.,ObjectProperty,,https://w3id.org/citydata/part2/v1/hasCity,2026-07-23T14:01:11.870298
,hasCountry,hasCountry,Specifies the country for the address.,ObjectProperty,,https://w3id.org/citydata/part2/v1/hasCountry,2026-07-23T14:01:11.870298
,hasPhoneType,hasPhoneType,Specifies the type of phone number.,ObjectProperty,,https://w3id.org/citydata/part2/v1/hasPhoneType,2026-07-23T14:01:11.870298
,hasProvince,hasProvince,Specifies the state or province for the address.,ObjectProperty,,https://w3id.org/citydata/part2/v1/hasProvince,2026-07-23T14:01:11.870298
,hasState,hasState,,ObjectProperty,,https://w3id.org/citydata/part2/v1/hasState,2026-07-23T14:01:11.870298
,hasStreetDirection,hasStreetDirection,Specifies the direction of the street for the address.,ObjectProperty,,https://w3id.org/citydata/part2/v1/hasStreetDirection,2026-07-23T14:01:11.870298
,hasStreetType,hasStreetType,specifies the type of the street for the address.,ObjectProperty,,https://w3id.org/citydata/part2/v1/hasStreetType,2026-07-23T14:01:11.870298
,hasTelephone,hasTelephone,Identifies the PhoneNumber for the domain object.,ObjectProperty,,https://w3id.org/citydata/part2/v1/hasTelephone,2026-07-23T14:01:11.870298
,BylawObjectProperty,BylawObjectProperty,"Added for organizational purposes, to identify object properties defined for bylaws in the City-level CDM ontology.",ObjectProperty,,https://w3id.org/citydata/part2/v1/BylawObjectProperty,2026-07-23T14:01:11.870298
,clauseType,clauseType,A Code indicating a clause type of a clause within a Law or similar official document.,ObjectProperty,,https://w3id.org/citydata/part2/v1/clauseType,2026-07-23T14:01:11.870298
,hasBylaw,hasBylaw,Identifies the bylaws in existence in the JurisdictionalArea.,ObjectProperty,,https://w3id.org/citydata/part2/v1/hasBylaw,2026-07-23T14:01:11.870298
,hasClause,hasClause,Clauses that make up the body of the domain object.,ObjectProperty,,https://w3id.org/citydata/part2/v1/hasClause,2026-07-23T14:01:11.870298
,hasDefinition,hasDefinition,Words or phrases that are defined to have a specific meaning within the domain object.,ObjectProperty,,https://w3id.org/citydata/part2/v1/hasDefinition,2026-07-23T14:01:11.870298
,hasPenaltyClause,hasPenaltyClause,Identifies the Clauses that specify penalties for not adhering to the domain object.,ObjectProperty,,https://w3id.org/citydata/part2/v1/hasPenaltyClause,2026-07-23T14:01:11.870298
,hasRepealClause,hasRepealClause,Clauses that specify all previous Laws that deal with subjects that are addressed in the new bylaw must either be repealed or amended.,ObjectProperty,,https://w3id.org/citydata/part2/v1/hasRepealClause,2026-07-23T14:01:11.870298
,hasSchedule,hasSchedule,Schedules that are attached to the Law and are referenced by the Law. A Schedule is part of the Law.,ObjectProperty,,https://w3id.org/citydata/part2/v1/hasSchedule,2026-07-23T14:01:11.870298
,hasSeveranceClause,hasSeveranceClause,Clauses that specify that the bylaw remains valid if any portion of the Law is found to be invalid by a higher jurisdiction.,ObjectProperty,,https://w3id.org/citydata/part2/v1/hasSeveranceClause,2026-07-23T14:01:11.870298
,hasTransitionClause,hasTransitionClause,Clauses that cover the period during which entities affected by the Law can do things to conform to the new conditions.,ObjectProperty,,https://w3id.org/citydata/part2/v1/hasTransitionClause,2026-07-23T14:01:11.870298
,impacts,impacts,Identifies what is impacted by the domain object.,ObjectProperty,,https://w3id.org/citydata/part2/v1/impacts,2026-07-23T14:01:11.870298
,legislationChanges,legislationChanges,The Bylaw that is being amended.,ObjectProperty,,https://w3id.org/citydata/part2/v1/legislationChanges,2026-07-23T14:01:11.870298
,legislationJurisdiction,legislationJurisdiction,Identifies the jurisdiction that enacted the Law.,ObjectProperty,,https://w3id.org/citydata/part2/v1/legislationJurisdiction,2026-07-23T14:01:11.870298
,legislationLegalForce,legislationLegalForce,"Specifies whether the Law is currently in force, not in force or partially in force.",ObjectProperty,,https://w3id.org/citydata/part2/v1/legislationLegalForce,2026-07-23T14:01:11.870298
,legislationType,legislationType,"Type of bylaw chosen from mainBylaw, amendingBylaw or revisionBylaw.",ObjectProperty,,https://w3id.org/citydata/part2/v1/legislationType,2026-07-23T14:01:11.870298
,CityResidentObjectProperty,CityResidentObjectProperty,"Added for organizational purposes, to identify object properties defined for the City Resident Pattern in the City-level CDM ontology.",ObjectProperty,,https://w3id.org/citydata/part2/v1/CityResidentObjectProperty,2026-07-23T14:01:11.870298
,entity,entity,Identifies an entity that is the subject domain object.,ObjectProperty,,https://w3id.org/citydata/part2/v1/entity,2026-07-23T14:01:11.870298
,forCity,forCity,Identifies the City of the residence.,ObjectProperty,,https://w3id.org/citydata/part2/v1/forCity,2026-07-23T14:01:11.870298
,hasHomeType,hasHomeType,Identifies the type of home.,ObjectProperty,,https://w3id.org/citydata/part2/v1/hasHomeType,2026-07-23T14:01:11.870298
,hasResidence,hasResidence,Specifies a Residence of a CityResident.,ObjectProperty,,https://w3id.org/citydata/part2/v1/hasResidence,2026-07-23T14:01:11.870298
,hasResidentialRelationship,hasResidentialRelationship,Specifies the type of residential relationship that exists.,ObjectProperty,,https://w3id.org/citydata/part2/v1/hasResidentialRelationship,2026-07-23T14:01:11.870298
,operates,operates,Specifies an EntityOperation where the entity is an Organization that the resident operates.,ObjectProperty,,https://w3id.org/citydata/part2/v1/operates,2026-07-23T14:01:11.870298
,owns,owns,Identifies an entity that is owned by another entity.,ObjectProperty,,https://w3id.org/citydata/part2/v1/owns,2026-07-23T14:01:11.870298
,residentOf,residentOf,Identifies the JurisdictionalArea that a CityResident is a resident.,ObjectProperty,,https://w3id.org/citydata/part2/v1/residentOf,2026-07-23T14:01:11.870298
,HouseholdObjectProperty,HouseholdObjectProperty,"Added for organizational purposes, to identify object properties defined for the Household Pattern in the City-level CDM ontology.",ObjectProperty,,https://w3id.org/citydata/part2/v1/HouseholdObjectProperty,2026-07-23T14:01:11.870298
,householdOccupies,householdOccupies,"Identifies the Residence that the Household occupies. A Household is defined by this residence, such that if the members move (even collectively), the new residence constitutes a new Household.",ObjectProperty,,https://w3id.org/citydata/part2/v1/householdOccupies,2026-07-23T14:01:11.870298
,CityOrgDataProperty,CityOrgDataProperty,"Added for organizational purposes, to identify data properties defined for the City Organization Pattern in the City-level CDM ontology.",DatatypeProperty,,https://w3id.org/citydata/part2/v1/CityOrgDataProperty,2026-07-23T14:01:11.870298
,hasClosingTime,hasClosingTime,,DatatypeProperty,,https://w3id.org/citydata/part2/v1/hasClosingTime,2026-07-23T14:01:11.870298
,hasOpeningTime,hasOpeningTime,Specifies the opening time for the domain object.,DatatypeProperty,,https://w3id.org/citydata/part2/v1/hasOpeningTime,2026-07-23T14:01:11.870298
,PersonDataProperty,PersonDataProperty,"Added for organizational purposes, to identify data properties defined in the Person Pattern.",DatatypeProperty,,https://w3id.org/citydata/part2/v1/PersonDataProperty,2026-07-23T14:01:11.870298
,additionalName,additionalName,Identifies a string that is the middle or additional names of the Person.,DatatypeProperty,,https://w3id.org/citydata/part2/v1/additionalName,2026-07-23T14:01:11.870298
,familyName,familyName,Identifies as single string that is the family or last name of the Person.,DatatypeProperty,,https://w3id.org/citydata/part2/v1/familyName,2026-07-23T14:01:11.870298
,givenName,givenName,Identifies a string that is the given or first name of the Person.,DatatypeProperty,,https://w3id.org/citydata/part2/v1/givenName,2026-07-23T14:01:11.870298
,photoID,photoID,Specifies whether the identifier contains a photo.,DatatypeProperty,,https://w3id.org/citydata/part2/v1/photoID,2026-07-23T14:01:11.870298
,CityDataProperty,CityDataProperty,"Added for organizational purposes, to identify data properties defined for city-level CDM ontology.",DatatypeProperty,,https://w3id.org/citydata/part2/v1/CityDataProperty,2026-07-23T14:01:11.870298
,CodeDataProperty,CodeDataProperty,"Added for organizational purposes, to identify data properties defined in the City Code Pattern.",DatatypeProperty,,https://w3id.org/citydata/part2/v1/CodeDataProperty,2026-07-23T14:01:11.870298
,specification,specification,Provides a URI where the definition of the domain object can be found.,DatatypeProperty,,https://w3id.org/citydata/part2/v1/specification,2026-07-23T14:01:11.870298
,CityPatternDataProperty,CityPatternDataProperty,"Added for organizational purposes, to identify data properties defined in the City-level ontology.",DatatypeProperty,,https://w3id.org/citydata/part2/v1/CityPatternDataProperty,2026-07-23T14:01:11.870298
,legalName,legalName,Identifies the legal name of the domain object.,DatatypeProperty,,https://w3id.org/citydata/part2/v1/legalName,2026-07-23T14:01:11.870298
,BuildingDataProperty,BuildingDataProperty,"Added for organizational purposes, to identify data properties defined in the Building Pattern.",DatatypeProperty,,https://w3id.org/citydata/part2/v1/BuildingDataProperty,2026-07-23T14:01:11.870298
,builtAccordingToConstructionCode,builtAccordingToConstructionCode,Identifies the name of any construction code(s) applicable during the construction of the Building. ,DatatypeProperty,,https://w3id.org/citydata/part2/v1/builtAccordingToConstructionCode,2026-07-23T14:01:11.870298
,numAboveGroundFloors,numAboveGroundFloors,"Specifies the number of above-ground floors in a building, including the ground floor.",DatatypeProperty,,https://w3id.org/citydata/part2/v1/numAboveGroundFloors,2026-07-23T14:01:11.870298
,numBuildingUnits,numBuildingUnits,Specifies the total number of building units in a building.,DatatypeProperty,,https://w3id.org/citydata/part2/v1/numBuildingUnits,2026-07-23T14:01:11.870298
,numFloors,numFloors,Identifies the total number of floors in a building (including those below ground).,DatatypeProperty,,https://w3id.org/citydata/part2/v1/numFloors,2026-07-23T14:01:11.870298
,numberOfBedrooms,numberOfBedrooms,Specifies the number of bedrooms in a building unit.,DatatypeProperty,,https://w3id.org/citydata/part2/v1/numberOfBedrooms,2026-07-23T14:01:11.870298
,numberOfRooms,numberOfRooms,Specifies the number of rooms in a building unit.,DatatypeProperty,,https://w3id.org/citydata/part2/v1/numberOfRooms,2026-07-23T14:01:11.870298
,propertyRegistrationID,propertyRegistrationID,Identifies the unique identifier of the real estate in the property register of authority where the Building is located.,DatatypeProperty,,https://w3id.org/citydata/part2/v1/propertyRegistrationID,2026-07-23T14:01:11.870298
,ContractDataProperty,ContractDataProperty,"Added for organizational purposes, to identify data properties defined in the Contract Pattern.",DatatypeProperty,,https://w3id.org/citydata/part2/v1/ContractDataProperty,2026-07-23T14:01:11.870298
,hasContractText,hasContractText,Identifies the excerpt of text from the Contract that corresponds to the Contractual Element.,DatatypeProperty,,https://w3id.org/citydata/part2/v1/hasContractText,2026-07-23T14:01:11.870298
,AlertDataProperty,AlertDataProperty,"Added for organizational purposes, to identify all data properties defined in the Alert Pattern.",DatatypeProperty,,https://w3id.org/citydata/part2/v1/AlertDataProperty,2026-07-23T14:01:11.870298
,headline,headline,short textual caption,DatatypeProperty,,https://w3id.org/citydata/part2/v1/headline,2026-07-23T14:01:11.870298
,website,website,URI that identifies a website,DatatypeProperty,,https://w3id.org/citydata/part2/v1/website,2026-07-23T14:01:11.870298
,AddressDataProperty,AddressDataProperty,"Added for organizational purposes, to identify data properties defined for addresses in the contact pattern.",DatatypeProperty,,https://w3id.org/citydata/part2/v1/AddressDataProperty,2026-07-23T14:01:11.870298
,ContactDataProperty,ContactDataProperty,"Added for organizational purposes, to identify data properties defined in the contact pattern.",DatatypeProperty,,https://w3id.org/citydata/part2/v1/ContactDataProperty,2026-07-23T14:01:11.870298
,TelephoneDataProperty,TelephoneDataProperty,"Added for organizational purposes, to identify data properties defined for telephone numbers in the Contact Pattern.",DatatypeProperty,,https://w3id.org/citydata/part2/v1/TelephoneDataProperty,2026-07-23T14:01:11.870298
,buildingName,buildingName,Specifies the name of the building for the Address.,DatatypeProperty,,https://w3id.org/citydata/part2/v1/buildingName,2026-07-23T14:01:11.870298
,hasAreaCode,hasAreaCode,Specifies the area code for the PhoneNumber.,DatatypeProperty,,https://w3id.org/citydata/part2/v1/hasAreaCode,2026-07-23T14:01:11.870298
,hasCitySection,hasCitySection,Specifies the section of the city for the Address.,DatatypeProperty,,https://w3id.org/citydata/part2/v1/hasCitySection,2026-07-23T14:01:11.870298
,hasCountryCode,hasCountryCode,Identifies the country code for the telephone number.,DatatypeProperty,,https://w3id.org/citydata/part2/v1/hasCountryCode,2026-07-23T14:01:11.870298
,hasEmail,hasEmail,Identifies an email address of the organization or individual.,DatatypeProperty,,https://w3id.org/citydata/part2/v1/hasEmail,2026-07-23T14:01:11.870298
,hasPhoneNumber,hasPhoneNumber,Specifies the remaining digits of the number after the area code.,DatatypeProperty,,https://w3id.org/citydata/part2/v1/hasPhoneNumber,2026-07-23T14:01:11.870298
,hasPostalBox,hasPostalBox,sSecifies the box number for the address.,DatatypeProperty,,https://w3id.org/citydata/part2/v1/hasPostalBox,2026-07-23T14:01:11.870298
,hasPostalCode,hasPostalCode,Specifies the zip or postalcode for the address.,DatatypeProperty,,https://w3id.org/citydata/part2/v1/hasPostalCode,2026-07-23T14:01:11.870298
,hasStreet,hasStreet,Specifies the street name for the address.,DatatypeProperty,,https://w3id.org/citydata/part2/v1/hasStreet,2026-07-23T14:01:11.870298
,hasStreetNumber,hasStreetNumber,Specifies the street number for the address.,DatatypeProperty,,https://w3id.org/citydata/part2/v1/hasStreetNumber,2026-07-23T14:01:11.870298
,hasUnitNumber,hasUnitNumber,Specifies the unit or suite number for the address.,DatatypeProperty,,https://w3id.org/citydata/part2/v1/hasUnitNumber,2026-07-23T14:01:11.870298
,maxStreetNumber,maxStreetNumber,"specifies the maximum street number of an street number range, in the case that it is defined with a street number range.",DatatypeProperty,,https://w3id.org/citydata/part2/v1/maxStreetNumber,2026-07-23T14:01:11.870298
,minStreetNumber,minStreetNumber,"specifies the minimum street number of an street number range, in the case that it is defined with a street number range.",DatatypeProperty,,https://w3id.org/citydata/part2/v1/minStreetNumber,2026-07-23T14:01:11.870298
,BylawDataProperty,BylawDataProperty,"Added for organizational purposes, to identify data properties defined in the Bylaw Pattern.",DatatypeProperty,,https://w3id.org/citydata/part2/v1/BylawDataProperty,2026-07-23T14:01:11.870298
,abstract,abstract,Specifies a brief statement describing the purpose of the domain object.,DatatypeProperty,,https://w3id.org/citydata/part2/v1/abstract,2026-07-23T14:01:11.870298
,dateInEffect,dateInEffect,Date after which the domain object is in effect.,DatatypeProperty,,https://w3id.org/citydata/part2/v1/dateInEffect,2026-07-23T14:01:11.870298
,datePublished,datePublished,Date the domain object is officially published.,DatatypeProperty,,https://w3id.org/citydata/part2/v1/datePublished,2026-07-23T14:01:11.870298
,expires,expires,Date the domain object expires.,DatatypeProperty,,https://w3id.org/citydata/part2/v1/expires,2026-07-23T14:01:11.870298
,keywords,keywords,Identifies keywords used to categorize the domain object for search purposes.,DatatypeProperty,,https://w3id.org/citydata/part2/v1/keywords,2026-07-23T14:01:11.870298
,legislationDate,legislationDate,Date on which the Law is officially adopted/signed by the Jurisdiction.,DatatypeProperty,,https://w3id.org/citydata/part2/v1/legislationDate,2026-07-23T14:01:11.870298
,legislationIdentifier,legislationIdentifier,Identifies a unique identifier of the law.,DatatypeProperty,,https://w3id.org/citydata/part2/v1/legislationIdentifier,2026-07-23T14:01:11.870298
,CityResidentDataProperty,CityResidentDataProperty,"Added for organizational purposes, to identify data properties defined in the City Resident Pattern.",DatatypeProperty,,https://w3id.org/citydata/part2/v1/CityResidentDataProperty,2026-07-23T14:01:11.870298
,percentOwnership,percentOwnership,Specifies the percentage of ownership that an entity has in another entity.,DatatypeProperty,,https://w3id.org/citydata/part2/v1/percentOwnership,2026-07-23T14:01:11.870298
